livingroom:lamp1,1340961582,0,4
livingroom:lamp2,1340961588,0,4
livingroom:dvd,1340961590,0,4
livingroom:receiver,1340961593,0,4
livingroom:subwoofer,1340961596,10,4
livingroom:wii,1340961603,2,4
kitchen:panini,1340961611,1,25
kitchen:telephone,1340961617,0,26
basement:washingmachine,1340961624,0,14
basement:tv,1340961631,0,13
master:lamp1,1340961638,0,21
master:iphone1,1340961645,2,21
master:clock1,1340961651,0,21
master:nightstand2,1340961659,4,21
master:clockphone,1340961666,5,21
master:cablemodem,1340961669,0,21
master:desklamp,1340961673,1,21
bedroom:lamp1,1340961677,1,19
bedroom:lamp2,1340961680,0,19
bedroom:video,1340961684,6,19
bedroom:noise,1340961687,8,19
bedroom:nitelight,1340961690,2,19
bedroom:ipod,1340961694,1,19
guest:lamp,1340961697,0,3
guest:clock,1340961700,2,3
guest:desklamp,1340961704,0,3
guest:monitor,1340961707,0,3
guest:laptop,1340961710,0,3
master:lamp1,1340961977,0,21
master:nightstand2,1340961980,4,21
master:cablemodem,1340961984,0,21
master:desklamp,1340961987,1,21
master:lamp1,1340962106,0,21
master:nightstand2,1340962110,4,21
master:cablemodem,1340962113,0,21
master:desklamp,1340962117,1,21
livingroom:lamp1,1340962121,0,4
livingroom:lamp2,1340962124,0,4
livingroom:dvd,1340962128,0,4
livingroom:receiver,1340962131,0,4
livingroom:subwoofer,1340962134,10,4
livingroom:lamp1,1340962226,0,4
livingroom:lamp2,1340962229,0,4
livingroom:dvd,1340962234,0,4
livingroom:receiver,1340962236,0,4
livingroom:subwoofer,1340962240,11,4
master:lamp1,1340962558,0,21
master:nightstand2,1340962562,4,21
master:cablemodem,1340962566,0,21
master:desklamp,1340962569,0,21
master:lamp1,1340962617,0,21
master:nightstand2,1340962621,4,21
master:cablemodem,1340962624,0,21
master:desklamp,1340962627,1,21
basement:tv,1340962680,0,13
master:lamp1,1340962687,0,21
master:nightstand2,1340962694,4,21
master:cablemodem,1340962700,0,21
master:desklamp,1340962708,1,21
master:lamp1,1340963654,0,21
master:nightstand2,1340963658,4,21
master:cablemodem,1340963661,0,21
master:desklamp,1340963665,1,21
master:lamp1,1340963716,0,21
master:nightstand2,1340963720,4,21
master:cablemodem,1340963723,0,21
master:desklamp,1340963727,1,21
bedroom:lamp1,1340964434,1,19
bedroom:lamp2,1340964438,0,19
bedroom:noise,1340964441,8,19
bedroom:nitelight,1340964445,2,19
basement:tv,1340964748,0,13
master:lamp1,1340964812,0,21
master:nightstand2,1340964815,4,21
master:cablemodem,1340964818,0,21
master:desklamp,1340964822,1,21
bedroom:lamp1,1340964826,1,19
bedroom:lamp2,1340964830,0,19
bedroom:noise,1340964833,9,19
bedroom:nitelight,1340964842,2,19
master:lamp1,1340965746,0,21
master:nightstand2,1340965750,4,21
master:cablemodem,1340965752,0,21
master:desklamp,1340965756,1,21
kitchen:panini,1340965842,1,25
kitchen:panini,1340965856,1,25
kitchen:panini,1340966142,1,25
basement:tv,1340966164,0,13
kitchen:panini,1340966255,1,25
livingroom:lamp1,1340967455,0,4
livingroom:lamp2,1340967459,0,4
livingroom:dvd,1340967467,0,4
livingroom:receiver,1340967471,0,4
livingroom:subwoofer,1340967474,12,4
master:lamp1,1340968092,0,21
master:nightstand2,1340968095,5,21
master:cablemodem,1340968098,0,21
master:desklamp,1340968102,1,21
bedroom:lamp1,1340968116,0,19
bedroom:lamp2,1340968119,0,19
bedroom:noise,1340968123,8,19
bedroom:nitelight,1340968126,2,19
basement:tv,1340968199,0,13
master:lamp1,1340968274,0,21
master:nightstand2,1340968277,5,21
master:cablemodem,1340968280,0,21
master:desklamp,1340968284,1,21
bedroom:lamp1,1340968710,1,19
bedroom:lamp2,1340968713,0,19
bedroom:noise,1340968716,8,19
bedroom:nitelight,1340968719,2,19
livingroom:lamp1,1340969405,0,4
livingroom:lamp2,1340969408,0,4
livingroom:dvd,1340969411,0,4
livingroom:receiver,1340969415,0,4
livingroom:subwoofer,1340969418,12,4
basement:tv,1340969611,0,13
bedroom:lamp1,1340969922,1,19
bedroom:lamp2,1340969925,0,19
bedroom:lamp1,1340969946,1,19
bedroom:lamp2,1340969950,0,19
bedroom:noise,1340969953,1,19
bedroom:nitelight,1340969956,2,19
master:lamp1,1340969982,0,21
master:nightstand2,1340969986,3,21
master:cablemodem,1340969988,0,21
master:desklamp,1340969992,1,21
livingroom:lamp1,1340970187,0,4
livingroom:lamp2,1340970191,0,4
livingroom:dvd,1340970195,0,4
livingroom:receiver,1340970197,0,4
livingroom:subwoofer,1340970216,11,4
livingroom:lamp1,1340970228,0,4
livingroom:lamp2,1340970234,0,4
livingroom:dvd,1340970240,0,4
livingroom:receiver,1340970248,0,4
livingroom:subwoofer,1340970251,12,4
livingroom:lamp1,1340970332,0,4
livingroom:lamp2,1340970334,0,4
livingroom:dvd,1340970337,0,4
livingroom:receiver,1340970344,0,4
livingroom:subwoofer,1340970346,11,4
livingroom:lamp1,1340970379,0,4
livingroom:lamp2,1340970382,0,4
livingroom:dvd,1340970385,0,4
livingroom:receiver,1340970388,0,4
livingroom:subwoofer,1340970392,11,4
livingroom:lamp1,1340970501,0,4
livingroom:lamp2,1340970513,0,4
livingroom:dvd,1340970516,0,4
livingroom:receiver,1340970519,0,4
livingroom:lamp1,1340970524,0,4
livingroom:subwoofer,1340970526,12,4
livingroom:lamp2,1340970529,0,4
livingroom:dvd,1340970544,0,4
livingroom:receiver,1340970549,0,4
livingroom:lamp1,1340970555,0,4
livingroom:subwoofer,1340970562,12,4
livingroom:lamp2,1340970568,0,4
livingroom:dvd,1340970575,0,4
livingroom:lamp1,1340970584,0,4
livingroom:receiver,1340970588,0,4
livingroom:lamp2,1340970595,0,4
livingroom:dvd,1340970601,0,4
livingroom:subwoofer,1340970605,11,4
livingroom:lamp1,1340970609,0,4
livingroom:receiver,1340970611,0,4
livingroom:lamp2,1340970618,0,4
livingroom:subwoofer,1340970625,11,4
livingroom:dvd,1340970631,0,4
livingroom:roku,1340970634,0,4
livingroom:receiver,1340970639,0,4
livingroom:lamp1,1340970642,0,4
livingroom:lamp2,1340970648,0,4
livingroom:dvd,1340970654,0,4
livingroom:subwoofer,1340970658,11,4
livingroom:receiver,1340970661,0,4
livingroom:subwoofer,1340970668,11,4
livingroom:lamp1,1340970780,0,4
livingroom:lamp2,1340970784,0,4
livingroom:dvd,1340970788,0,4
livingroom:receiver,1340970790,0,4
livingroom:subwoofer,1340970809,11,4
livingroom:lamp1,1340970971,0,4
livingroom:lamp2,1340970974,0,4
livingroom:dvd,1340970977,0,4
livingroom:receiver,1340970981,0,4
livingroom:subwoofer,1340970984,12,4
livingroom:lamp1,1340971082,0,4
livingroom:lamp2,1340971085,0,4
livingroom:dvd,1340971094,0,4
livingroom:receiver,1340971098,0,4
livingroom:subwoofer,1340971101,12,4
basement:tv,1340971678,0,13
basement:tv,1340973084,0,13
bedroom:lamp1,1340974541,0,19
bedroom:lamp2,1340974544,0,19
bedroom:noise,1340974548,1,19
bedroom:nitelight,1340974552,2,19
basement:tv,1340975203,0,13
basement:tv,1340976634,0,13
basement:tv,1340978748,0,13
basement:tv,1340980176,0,13
kitchen:panini,1340980710,0,25
basement:tv,1340982209,0,13
basement:tv,1340983624,0,13
basement:tv,1340985631,0,13
master:lamp1,1340985872,0,21
master:nightstand2,1340985876,2,21
master:cablemodem,1340985879,0,21
master:desklamp,1340985882,1,21
livingroom:lamp1,1340986045,0,4
livingroom:lamp2,1340986047,0,4
livingroom:dvd,1340986051,0,4
livingroom:receiver,1340986054,0,4
livingroom:lamp1,1340986183,0,4
livingroom:lamp2,1340986186,0,4
livingroom:dvd,1340986190,0,4
livingroom:receiver,1340986194,0,4
livingroom:subwoofer,1340986196,11,4
master:lamp1,1340986819,0,21
master:nightstand2,1340986823,3,21
master:cablemodem,1340986826,0,21
master:desklamp,1340986829,1,21
basement:tv,1340987045,0,13
master:lamp1,1340987121,0,21
master:nightstand2,1340987125,3,21
master:cablemodem,1340987128,0,21
master:desklamp,1340987131,1,21
livingroom:lamp1,1340987239,0,4
livingroom:lamp2,1340987242,0,4
livingroom:dvd,1340987245,0,4
livingroom:receiver,1340987249,0,4
livingroom:lamp1,1340987252,0,4
livingroom:subwoofer,1340987256,12,4
livingroom:lamp2,1340987258,0,4
livingroom:lamp1,1340987262,0,4
livingroom:dvd,1340987282,0,4
livingroom:lamp2,1340987294,0,4
livingroom:receiver,1340987298,0,4
livingroom:lamp1,1340987301,0,4
livingroom:dvd,1340987304,0,4
livingroom:subwoofer,1340987308,12,4
livingroom:lamp2,1340987311,0,4
livingroom:receiver,1340987315,0,4
livingroom:dvd,1340987322,0,4
livingroom:subwoofer,1340987335,11,4
livingroom:receiver,1340987347,0,4
livingroom:lamp1,1340987353,0,4
livingroom:subwoofer,1340987361,12,4
livingroom:lamp2,1340987373,0,4
livingroom:lamp1,1340987380,0,4
livingroom:dvd,1340987386,0,4
bedroom:lamp1,1340987393,1,19
livingroom:lamp2,1340987396,0,4
livingroom:receiver,1340987401,0,4
bedroom:lamp2,1340987403,0,19
livingroom:dvd,1340987407,0,4
livingroom:subwoofer,1340987410,10,4
bedroom:noise,1340987413,1,19
livingroom:receiver,1340987416,0,4
bedroom:nitelight,1340987422,2,19
livingroom:subwoofer,1340987429,11,4
bedroom:lamp1,1340987436,1,19
master:lamp1,1340987441,0,21
bedroom:lamp2,1340987449,0,19
master:nightstand2,1340987455,2,21
bedroom:noise,1340987462,1,19
master:cablemodem,1340987464,0,21
bedroom:nitelight,1340987468,2,19
master:desklamp,1340987471,1,21
master:lamp1,1340987476,0,21
master:nightstand2,1340987478,2,21
master:cablemodem,1340987481,0,21
master:desklamp,1340987484,1,21
master:lamp1,1340987745,0,21
master:nightstand2,1340987749,2,21
master:cablemodem,1340987752,0,21
master:desklamp,1340987755,1,21
master:lamp1,1340987868,0,21
master:nightstand2,1340987872,2,21
master:cablemodem,1340987875,0,21
master:desklamp,1340987878,1,21
master:lamp1,1340988182,0,21
master:nightstand2,1340988186,2,21
master:cablemodem,1340988188,0,21
master:desklamp,1340988192,1,21
master:lamp1,1340988432,0,21
master:nightstand2,1340988436,3,21
master:cablemodem,1340988439,0,21
master:desklamp,1340988442,1,21
master:lamp1,1340988676,0,21
master:nightstand2,1340988680,2,21
master:cablemodem,1340988683,0,21
master:desklamp,1340988686,1,21
master:lamp1,1340988858,0,21
master:nightstand2,1340988862,3,21
master:cablemodem,1340988865,0,21
master:desklamp,1340988869,0,21
basement:tv,1340989058,0,13
livingroom:lamp1,1340989157,0,4
livingroom:lamp2,1340989160,0,4
livingroom:dvd,1340989165,0,4
livingroom:receiver,1340989170,0,4
livingroom:lamp1,1340989174,0,4
livingroom:subwoofer,1340989177,11,4
livingroom:lamp2,1340989187,0,4
livingroom:dvd,1340989193,0,4
livingroom:receiver,1340989200,0,4
livingroom:subwoofer,1340989214,10,4
livingroom:lamp1,1340989226,0,4
livingroom:lamp2,1340989234,0,4
livingroom:dvd,1340989239,0,4
livingroom:receiver,1340989246,0,4
livingroom:subwoofer,1340989249,11,4
master:lamp1,1340989833,0,21
master:nightstand2,1340989836,3,21
master:cablemodem,1340989839,0,21
master:desklamp,1340989843,1,21
master:lamp1,1340990136,0,21
master:nightstand2,1340990140,2,21
master:cablemodem,1340990143,0,21
master:desklamp,1340990146,1,21
basement:tv,1340990417,0,13
master:lamp1,1340990501,0,21
master:nightstand2,1340990505,2,21
master:cablemodem,1340990508,0,21
master:desklamp,1340990511,1,21
master:lamp1,1340991962,0,21
master:nightstand2,1340991966,2,21
master:cablemodem,1340991968,0,21
master:desklamp,1340991972,1,21
basement:tv,1340992557,0,13
master:lamp1,1340992753,0,21
master:nightstand2,1340992757,3,21
master:cablemodem,1340992760,0,21
master:desklamp,1340992763,1,21
master:lamp1,1340993119,0,21
master:nightstand2,1340993123,2,21
master:cablemodem,1340993126,0,21
master:desklamp,1340993129,1,21
master:lamp1,1340993667,0,21
master:nightstand2,1340993671,2,21
master:cablemodem,1340993674,0,21
master:desklamp,1340993677,1,21
basement:tv,1340993941,1,13
basement:tv,1340993942,0,13
master:lamp1,1340994092,0,21
master:nightstand2,1340994096,2,21
master:cablemodem,1340994099,0,21
master:desklamp,1340994102,1,21
master:lamp1,1340994276,0,21
master:nightstand2,1340994280,3,21
master:cablemodem,1340994283,0,21
master:desklamp,1340994286,1,21
master:lamp1,1340994947,0,21
master:nightstand2,1340994950,2,21
master:cablemodem,1340994953,0,21
master:desklamp,1340994957,1,21
master:lamp1,1340995615,0,21
master:nightstand2,1340995619,2,21
master:cablemodem,1340995622,0,21
master:desklamp,1340995625,1,21
master:lamp1,1340995798,0,21
master:nightstand2,1340995802,2,21
master:cablemodem,1340995805,0,21
master:desklamp,1340995808,1,21
basement:tv,1340996059,0,13
master:lamp1,1340996170,0,21
master:nightstand2,1340996173,2,21
master:cablemodem,1340996176,0,21
master:desklamp,1340996180,1,21
master:lamp1,1340996594,0,21
master:nightstand2,1340996598,2,21
master:cablemodem,1340996601,0,21
master:desklamp,1340996609,1,21
master:lamp1,1340996712,0,21
master:nightstand2,1340996716,2,21
master:cablemodem,1340996719,0,21
master:desklamp,1340996722,1,21
basement:tv,1340997415,0,13
master:lamp1,1340997443,0,21
master:nightstand2,1340997446,2,21
master:cablemodem,1340997449,0,21
master:desklamp,1340997453,1,21
master:lamp1,1340997991,0,21
master:nightstand2,1340997995,2,21
master:cablemodem,1340997997,0,21
master:desklamp,1340998001,1,21
master:lamp1,1340998173,0,21
master:nightstand2,1340998192,3,21
master:cablemodem,1340998195,0,21
master:desklamp,1340998198,1,21
master:lamp1,1340998295,0,21
master:nightstand2,1340998299,2,21
master:cablemodem,1340998302,0,21
master:desklamp,1340998305,1,21
basement:tv,1340999422,0,13
master:lamp1,1341000181,0,21
master:nightstand2,1341000184,2,21
master:cablemodem,1341000187,0,21
master:desklamp,1341000191,1,21
master:lamp1,1341000424,0,21
master:nightstand2,1341000428,2,21
master:cablemodem,1341000431,0,21
master:desklamp,1341000434,1,21
master:lamp1,1341000606,0,21
master:nightstand2,1341000610,0,21
master:cablemodem,1341000612,0,21
master:desklamp,1341000616,1,21
master:lamp1,1341000667,0,21
master:nightstand2,1341000671,2,21
master:cablemodem,1341000675,0,21
master:desklamp,1341000677,1,21
master:lamp1,1341000728,0,21
master:nightstand2,1341000732,2,21
master:cablemodem,1341000735,0,21
master:desklamp,1341000738,1,21
basement:tv,1341000777,0,13
master:lamp1,1341001213,0,21
master:nightstand2,1341001217,2,21
master:cablemodem,1341001220,0,21
master:desklamp,1341001223,1,21
master:lamp1,1341001397,0,21
master:nightstand2,1341001401,2,21
master:cablemodem,1341001404,0,21
master:desklamp,1341001408,1,21
master:lamp1,1341001945,0,21
master:nightstand2,1341001948,2,21
master:cablemodem,1341001951,0,21
master:desklamp,1341001955,1,21
master:lamp1,1341002007,0,21
master:nightstand2,1341002010,2,21
master:cablemodem,1341002013,0,21
master:desklamp,1341002017,1,21
master:lamp1,1341002798,0,21
master:nightstand2,1341002801,2,21
master:cablemodem,1341002804,0,21
basement:tv,1341002808,0,13
master:desklamp,1341002811,1,21
master:lamp1,1341003533,0,21
master:nightstand2,1341003536,2,21
master:cablemodem,1341003539,0,21
master:desklamp,1341003543,1,21
master:lamp1,1341003546,0,21
master:nightstand2,1341003549,3,21
master:cablemodem,1341003552,0,21
master:desklamp,1341003556,1,21
basement:tv,1341004189,0,13
bedroom:lamp1,1341005497,1,19
bedroom:lamp2,1341005500,0,19
bedroom:noise,1341005503,1,19
bedroom:nitelight,1341005507,2,19
master:lamp1,1341005537,0,21
master:nightstand2,1341005542,2,21
master:cablemodem,1341005544,0,21
master:desklamp,1341005547,1,21
master:lamp1,1341005658,0,21
master:nightstand2,1341005662,2,21
master:cablemodem,1341005665,0,21
master:desklamp,1341005669,1,21
master:lamp1,1341005783,0,21
master:nightstand2,1341005786,3,21
master:cablemodem,1341005789,0,21
master:desklamp,1341005793,1,21
bedroom:lamp1,1341005812,1,19
bedroom:lamp2,1341005815,0,19
bedroom:noise,1341005819,1,19
bedroom:nitelight,1341005825,2,19
bedroom:lamp1,1341005833,1,19
bedroom:lamp2,1341005837,0,19
bedroom:noise,1341005840,1,19
bedroom:nitelight,1341005843,2,19
basement:tv,1341006197,0,13
master:lamp1,1341006331,0,21
master:nightstand2,1341006335,2,21
master:cablemodem,1341006338,0,21
master:desklamp,1341006341,1,21
master:lamp1,1341006575,0,21
master:nightstand2,1341006579,3,21
master:cablemodem,1341006582,0,21
master:desklamp,1341006585,1,21
master:lamp1,1341007001,0,21
master:nightstand2,1341007005,2,21
master:cablemodem,1341007008,0,21
master:desklamp,1341007011,1,21
master:lamp1,1341007308,0,21
master:nightstand2,1341007311,0,21
master:nightstand2,1341007312,2,21
master:cablemodem,1341007314,0,21
master:desklamp,1341007318,1,21
basement:tv,1341007578,0,13
master:lamp1,1341007613,0,21
master:nightstand2,1341007617,3,21
master:cablemodem,1341007619,0,21
master:desklamp,1341007623,1,21
bedroom:lamp1,1341007859,1,19
bedroom:lamp2,1341007862,0,19
bedroom:noise,1341007865,1,19
bedroom:nitelight,1341007869,2,19
master:lamp1,1341007978,0,21
master:nightstand2,1341007982,3,21
master:cablemodem,1341007985,0,21
master:desklamp,1341007988,1,21
bedroom:lamp1,1341008222,1,19
bedroom:lamp2,1341008225,1,19
bedroom:noise,1341008229,1,19
bedroom:lamp1,1341008232,0,19
bedroom:nitelight,1341008235,2,19
bedroom:lamp2,1341008239,0,19
bedroom:noise,1341008242,1,19
bedroom:nitelight,1341008245,2,19
master:lamp1,1341008283,0,21
master:nightstand2,1341008286,2,21
master:cablemodem,1341008289,0,21
master:desklamp,1341008293,1,21
master:lamp1,1341008344,0,21
master:nightstand2,1341008347,3,21
master:cablemodem,1341008350,0,21
master:desklamp,1341008354,0,21
master:lamp1,1341008894,0,21
master:nightstand2,1341008897,2,21
master:cablemodem,1341008900,0,21
master:desklamp,1341008904,1,21
master:lamp1,1341009016,0,21
master:nightstand2,1341009019,3,21
master:cablemodem,1341009022,0,21
master:desklamp,1341009026,1,21
master:lamp1,1341009198,0,21
master:nightstand2,1341009201,2,21
master:cablemodem,1341009204,0,21
master:desklamp,1341009208,1,21
bedroom:lamp1,1341009278,1,19
bedroom:lamp2,1341009281,0,19
bedroom:noise,1341009285,1,19
bedroom:nitelight,1341009288,2,19
bedroom:lamp1,1341009661,1,19
bedroom:lamp2,1341009664,0,19
bedroom:noise,1341009668,1,19
bedroom:lamp1,1341009671,1,19
bedroom:nitelight,1341009674,2,19
bedroom:lamp2,1341009677,0,19
bedroom:noise,1341009681,1,19
bedroom:nitelight,1341009684,2,19
basement:tv,1341009755,0,13
master:lamp1,1341010294,0,21
master:nightstand2,1341010297,3,21
master:cablemodem,1341010300,0,21
master:desklamp,1341010304,1,21
master:lamp1,1341010477,1,21
master:lamp1,1341010477,0,21
master:nightstand2,1341010480,3,21
master:cablemodem,1341010483,0,21
master:desklamp,1341010487,1,21
master:lamp1,1341010538,0,21
master:nightstand2,1341010541,2,21
master:cablemodem,1341010544,0,21
master:desklamp,1341010548,1,21
bedroom:lamp1,1341010946,1,19
bedroom:lamp2,1341010951,0,19
bedroom:noise,1341010954,1,19
bedroom:nitelight,1341010957,2,19
basement:tv,1341011158,0,13
master:lamp1,1341011208,0,21
master:nightstand2,1341011211,3,21
master:cablemodem,1341011214,0,21
master:desklamp,1341011218,1,21
bedroom:lamp1,1341011299,1,19
bedroom:lamp2,1341011302,0,19
bedroom:noise,1341011305,0,19
bedroom:noise,1341011306,1,19
bedroom:lamp1,1341011309,1,19
bedroom:nitelight,1341011313,2,19
bedroom:lamp2,1341011316,0,19
bedroom:noise,1341011319,1,19
bedroom:nitelight,1341011323,2,19
master:lamp1,1341012061,0,21
master:nightstand2,1341012064,2,21
master:cablemodem,1341012067,0,21
master:desklamp,1341012071,1,21
bedroom:lamp1,1341012460,1,19
bedroom:lamp2,1341012464,1,19
basement:tv,1341012466,0,13
bedroom:noise,1341012483,1,19
bedroom:nitelight,1341012490,2,19
master:lamp1,1341012548,0,21
master:nightstand2,1341012551,3,21
master:cablemodem,1341012553,0,21
master:desklamp,1341012557,1,21
master:lamp1,1341012669,0,21
master:nightstand2,1341012672,3,21
master:cablemodem,1341012675,0,21
master:desklamp,1341012679,1,21
bedroom:lamp1,1341012897,1,19
bedroom:lamp2,1341012900,1,19
bedroom:noise,1341012903,1,19
bedroom:lamp1,1341012906,1,19
bedroom:nitelight,1341012910,2,19
bedroom:lamp2,1341012913,2,19
bedroom:lamp2,1341012914,0,19
bedroom:lamp2,1341012914,0,19
bedroom:noise,1341012917,0,19
bedroom:nitelight,1341012919,0,19
bedroom:nitelight,1341012919,2,19
master:lamp1,1341013095,0,21
master:nightstand2,1341013099,2,21
master:cablemodem,1341013102,0,21
master:desklamp,1341013105,1,21
master:lamp1,1341013277,0,21
master:nightstand2,1341013281,2,21
master:cablemodem,1341013284,0,21
basement:tv,1341013287,0,13
master:desklamp,1341013290,1,21
master:lamp1,1341013582,0,21
master:nightstand2,1341013586,3,21
master:cablemodem,1341013589,0,21
master:desklamp,1341013592,1,21
basement:tv,1341013691,0,13
master:lamp1,1341013765,0,21
master:nightstand2,1341013769,2,21
master:cablemodem,1341013772,0,21
master:desklamp,1341013776,0,21
bedroom:lamp1,1341013935,1,19
bedroom:lamp2,1341013939,0,19
bedroom:noise,1341013941,1,19
bedroom:nitelight,1341013945,2,19
livingroom:lamp1,1341014152,0,4
livingroom:lamp2,1341014155,0,4
livingroom:lamp1,1341014163,0,4
livingroom:dvd,1341014166,0,4
livingroom:lamp2,1341014168,0,4
livingroom:receiver,1341014173,0,4
livingroom:dvd,1341014175,0,4
livingroom:subwoofer,1341014179,12,4
livingroom:receiver,1341014181,0,4
livingroom:subwoofer,1341014196,11,4
bedroom:lamp1,1341014599,1,19
bedroom:lamp2,1341014602,0,19
bedroom:lamp1,1341014605,1,19
bedroom:noise,1341014609,1,19
bedroom:lamp2,1341014612,0,19
bedroom:nitelight,1341014618,2,19
bedroom:noise,1341014634,1,19
bedroom:nitelight,1341014637,2,19
master:lamp1,1341014800,0,21
master:nightstand2,1341014804,2,21
master:cablemodem,1341014807,0,21
master:desklamp,1341014810,1,21
master:lamp1,1341015043,0,21
master:nightstand2,1341015047,3,21
master:cablemodem,1341015050,0,21
master:desklamp,1341015054,1,21
basement:tv,1341015084,1,13
livingroom:lamp1,1341015260,0,4
livingroom:lamp2,1341015264,0,4
livingroom:dvd,1341015267,0,4
livingroom:lamp1,1341015272,0,4
livingroom:lamp2,1341015276,0,4
livingroom:receiver,1341015280,0,4
livingroom:dvd,1341015283,0,4
livingroom:subwoofer,1341015287,11,4
livingroom:receiver,1341015290,0,4
livingroom:roku,1341015293,0,4
livingroom:lamp1,1341015296,0,4
livingroom:subwoofer,1341015300,11,4
livingroom:wii,1341015303,2,4
livingroom:lamp2,1341015306,0,4
livingroom:lamp1,1341015313,0,4
livingroom:dvd,1341015319,0,4
livingroom:lamp2,1341015326,0,4
livingroom:receiver,1341015333,0,4
livingroom:dvd,1341015340,0,4
livingroom:subwoofer,1341015343,12,4
livingroom:receiver,1341015346,0,4
livingroom:lamp1,1341015352,0,4
livingroom:subwoofer,1341015359,11,4
livingroom:lamp2,1341015365,0,4
livingroom:dvd,1341015372,0,4
livingroom:roku,1341015375,0,4
livingroom:receiver,1341015378,0,4
livingroom:wii,1341015382,2,4
livingroom:subwoofer,1341015385,12,4
livingroom:lamp1,1341015391,0,4
livingroom:lamp2,1341015398,0,4
livingroom:lamp1,1341015404,0,4
livingroom:dvd,1341015411,0,4
livingroom:lamp2,1341015418,0,4
livingroom:receiver,1341015421,0,4
livingroom:dvd,1341015424,0,4
livingroom:receiver,1341015431,0,4
livingroom:subwoofer,1341015434,10,4
livingroom:lamp1,1341015467,0,4
livingroom:lamp2,1341015471,0,4
livingroom:dvd,1341015474,0,4
livingroom:receiver,1341015477,0,4
livingroom:subwoofer,1341015480,11,4
livingroom:lamp1,1341015542,0,4
livingroom:lamp2,1341015546,0,4
livingroom:dvd,1341015549,0,4
livingroom:receiver,1341015553,0,4
livingroom:subwoofer,1341015556,12,4
bedroom:lamp1,1341015797,1,19
bedroom:lamp2,1341015800,0,19
bedroom:noise,1341015804,1,19
bedroom:nitelight,1341015806,2,19
master:lamp1,1341015969,0,21
master:nightstand2,1341015973,3,21
master:cablemodem,1341015976,0,21
master:desklamp,1341015979,1,21
master:lamp1,1341016036,0,21
master:nightstand2,1341016044,3,21
master:cablemodem,1341016047,0,21
master:desklamp,1341016051,1,21
master:lamp1,1341016216,0,21
master:nightstand2,1341016220,2,21
master:cablemodem,1341016223,2,21
master:cablemodem,1341016224,0,21
master:desklamp,1341016226,1,21
livingroom:lamp1,1341016341,0,4
livingroom:lamp2,1341016345,0,4
livingroom:dvd,1341016349,0,4
livingroom:receiver,1341016352,0,4
livingroom:subwoofer,1341016355,11,4
livingroom:lamp1,1341016364,0,4
livingroom:lamp2,1341016371,0,4
livingroom:dvd,1341016378,0,4
livingroom:lamp1,1341016384,0,4
livingroom:receiver,1341016392,0,4
livingroom:lamp2,1341016394,0,4
livingroom:lamp1,1341016397,0,4
livingroom:subwoofer,1341016401,12,4
livingroom:lamp2,1341016407,0,4
livingroom:dvd,1341016412,0,4
livingroom:receiver,1341016417,0,4
livingroom:lamp1,1341016423,0,4
livingroom:subwoofer,1341016431,11,4
livingroom:lamp2,1341016437,0,4
livingroom:dvd,1341016444,0,4
livingroom:receiver,1341016450,0,4
livingroom:subwoofer,1341016457,11,4
livingroom:lamp1,1341016496,0,4
livingroom:lamp2,1341016499,0,4
livingroom:dvd,1341016503,0,4
livingroom:dvd,1341016504,2,4
livingroom:receiver,1341016506,0,4
livingroom:subwoofer,1341016509,11,4
livingroom:lamp1,1341016512,0,4
livingroom:lamp2,1341016518,0,4
livingroom:dvd,1341016526,0,4
livingroom:receiver,1341016532,0,4
livingroom:subwoofer,1341016539,11,4
livingroom:lamp1,1341016603,0,4
livingroom:lamp2,1341016607,0,4
livingroom:dvd,1341016610,0,4
bedroom:lamp1,1341016613,1,19
livingroom:receiver,1341016618,0,4
livingroom:subwoofer,1341016624,11,4
bedroom:lamp2,1341016634,0,19
livingroom:lamp1,1341016640,0,4
bedroom:noise,1341016646,1,19
livingroom:lamp2,1341016652,0,4
bedroom:nitelight,1341016659,2,19
livingroom:dvd,1341016663,0,4
livingroom:receiver,1341016667,0,4
livingroom:subwoofer,1341016670,11,4
livingroom:lamp1,1341016675,0,4
livingroom:lamp2,1341016682,0,4
livingroom:dvd,1341016689,0,4
livingroom:receiver,1341016695,0,4
livingroom:lamp1,1341016705,0,4
livingroom:subwoofer,1341016709,11,4
livingroom:lamp2,1341016712,0,4
livingroom:dvd,1341016724,0,4
livingroom:lamp1,1341016738,0,4
livingroom:receiver,1341016746,0,4
livingroom:subwoofer,1341016751,11,4
livingroom:lamp2,1341016754,0,4
bedroom:lamp1,1341016759,1,19
livingroom:dvd,1341016770,0,4
bedroom:lamp2,1341016784,0,19
livingroom:receiver,1341016791,0,4
bedroom:noise,1341016794,1,19
livingroom:subwoofer,1341016797,12,4
bedroom:nitelight,1341016801,2,19
livingroom:lamp1,1341016804,0,4
livingroom:lamp2,1341016810,0,4
livingroom:lamp1,1341016816,0,4
livingroom:dvd,1341016825,0,4
livingroom:lamp2,1341016836,0,4
livingroom:receiver,1341016840,0,4
livingroom:dvd,1341016842,0,4
livingroom:receiver,1341016849,0,4
livingroom:subwoofer,1341016853,11,4
livingroom:lamp1,1341016862,0,4
livingroom:lamp2,1341016869,0,4
livingroom:dvd,1341016875,0,4
livingroom:receiver,1341016883,0,4
livingroom:lamp1,1341016888,0,4
livingroom:subwoofer,1341016892,11,4
livingroom:lamp2,1341016896,0,4
livingroom:dvd,1341016902,0,4
livingroom:receiver,1341016916,0,4
livingroom:subwoofer,1341016921,10,4
livingroom:lamp1,1341016949,0,4
livingroom:lamp2,1341016952,0,4
livingroom:dvd,1341016956,0,4
livingroom:lamp1,1341016959,0,4
livingroom:receiver,1341016963,0,4
livingroom:lamp2,1341016967,0,4
livingroom:subwoofer,1341016970,11,4
livingroom:dvd,1341016972,0,4
livingroom:receiver,1341016980,0,4
livingroom:subwoofer,1341016986,10,4
livingroom:lamp1,1341016992,0,4
livingroom:lamp2,1341016999,0,4
livingroom:dvd,1341017005,0,4
livingroom:receiver,1341017018,0,4
livingroom:subwoofer,1341017022,11,4
livingroom:lamp1,1341017204,0,4
livingroom:lamp2,1341017208,0,4
livingroom:dvd,1341017210,0,4
livingroom:receiver,1341017214,0,4
livingroom:lamp1,1341017219,0,4
bedroom:lamp1,1341017223,14,19
livingroom:subwoofer,1341017226,11,4
livingroom:lamp2,1341017229,0,4
bedroom:lamp2,1341017233,0,19
bedroom:lamp1,1341017236,16,19
livingroom:dvd,1341017245,0,4
bedroom:noise,1341017249,8,19
bedroom:lamp2,1341017256,1,19
livingroom:receiver,1341017262,0,4
bedroom:nitelight,1341017269,2,19
bedroom:noise,1341017272,9,19
livingroom:subwoofer,1341017277,11,4
bedroom:nitelight,1341017279,2,19
livingroom:lamp1,1341017424,0,4
livingroom:lamp2,1341017427,0,4
livingroom:dvd,1341017431,0,4
livingroom:receiver,1341017434,0,4
livingroom:subwoofer,1341017437,10,4
livingroom:lamp1,1341017581,0,4
livingroom:lamp2,1341017585,0,4
livingroom:dvd,1341017588,0,4
livingroom:receiver,1341017591,0,4
livingroom:subwoofer,1341017595,10,4
bedroom:lamp1,1341017914,14,19
bedroom:lamp2,1341017917,0,19
bedroom:noise,1341017921,8,19
bedroom:nitelight,1341017924,2,19
livingroom:lamp1,1341018261,0,4
livingroom:lamp2,1341018265,0,4
livingroom:dvd,1341018269,0,4
livingroom:receiver,1341018271,0,4
livingroom:subwoofer,1341018276,12,4
livingroom:lamp1,1341018649,0,4
livingroom:lamp2,1341018652,0,4
livingroom:dvd,1341018656,0,4
livingroom:lamp1,1341018659,0,4
livingroom:receiver,1341018662,0,4
livingroom:lamp2,1341018666,0,4
livingroom:subwoofer,1341018669,11,4
livingroom:dvd,1341018673,0,4
livingroom:receiver,1341018679,0,4
livingroom:subwoofer,1341018686,12,4
bedroom:lamp1,1341018734,12,19
bedroom:lamp2,1341018761,0,19
bedroom:noise,1341018763,8,19
bedroom:nitelight,1341018777,2,19
bedroom:lamp1,1341019078,1,19
bedroom:lamp2,1341019081,0,19
bedroom:noise,1341019084,8,19
bedroom:nitelight,1341019087,2,19
livingroom:lamp1,1341019300,0,4
livingroom:lamp2,1341019303,0,4
livingroom:dvd,1341019307,0,4
livingroom:receiver,1341019311,0,4
livingroom:subwoofer,1341019314,11,4
bedroom:lamp1,1341019421,1,19
bedroom:lamp2,1341019425,1,19
bedroom:noise,1341019428,9,19
bedroom:nitelight,1341019431,2,19
bedroom:lamp1,1341020439,0,19
bedroom:lamp2,1341020442,0,19
bedroom:noise,1341020446,8,19
bedroom:lamp1,1341020449,1,19
bedroom:nitelight,1341020452,2,19
bedroom:lamp2,1341020455,0,19
bedroom:noise,1341020459,8,19
bedroom:nitelight,1341020463,2,19
bedroom:lamp1,1341021130,1,19
bedroom:lamp2,1341021133,1,19
bedroom:noise,1341021137,9,19
bedroom:nitelight,1341021145,2,19
livingroom:lamp1,1341021321,0,4
livingroom:lamp2,1341021324,0,4
livingroom:dvd,1341021327,0,4
livingroom:receiver,1341021330,0,4
livingroom:lamp1,1341021334,0,4
livingroom:subwoofer,1341021337,11,4
livingroom:lamp2,1341021340,0,4
livingroom:dvd,1341021347,0,4
livingroom:lamp1,1341021354,0,4
livingroom:receiver,1341021359,0,4
livingroom:lamp2,1341021366,0,4
livingroom:subwoofer,1341021373,12,4
livingroom:dvd,1341021380,0,4
livingroom:receiver,1341021386,0,4
livingroom:subwoofer,1341021393,11,4
livingroom:lamp1,1341021405,0,4
livingroom:lamp2,1341021412,0,4
livingroom:lamp1,1341021419,0,4
livingroom:dvd,1341021427,0,4
livingroom:lamp2,1341021428,0,4
livingroom:receiver,1341021432,0,4
livingroom:subwoofer,1341021439,12,4
livingroom:dvd,1341021442,0,4
livingroom:receiver,1341021448,0,4
livingroom:subwoofer,1341021456,11,4
livingroom:lamp1,1341021526,0,4
livingroom:lamp2,1341021530,0,4
livingroom:dvd,1341021533,0,4
livingroom:receiver,1341021537,0,4
livingroom:subwoofer,1341021541,12,4
livingroom:lamp1,1341021596,0,4
livingroom:lamp2,1341021601,0,4
livingroom:dvd,1341021604,0,4
livingroom:receiver,1341021607,0,4
livingroom:subwoofer,1341021611,10,4
livingroom:roku,1341021614,10,4
livingroom:wii,1341021617,2,4
livingroom:lamp1,1341021620,0,4
livingroom:lamp2,1341021623,0,4
livingroom:dvd,1341021627,0,4
livingroom:lamp1,1341021629,0,4
livingroom:receiver,1341021633,0,4
livingroom:lamp2,1341021637,0,4
livingroom:subwoofer,1341021640,11,4
livingroom:dvd,1341021644,0,4
livingroom:receiver,1341021651,0,4
livingroom:subwoofer,1341021656,11,4
livingroom:lamp1,1341021663,0,4
livingroom:lamp2,1341021670,0,4
livingroom:lamp1,1341021675,0,4
livingroom:dvd,1341021682,0,4
livingroom:lamp2,1341021688,0,4
livingroom:lamp1,1341021692,0,4
livingroom:receiver,1341021695,0,4
livingroom:dvd,1341021699,0,4
livingroom:lamp2,1341021702,0,4
livingroom:receiver,1341021708,0,4
livingroom:lamp1,1341021715,0,4
livingroom:subwoofer,1341021718,11,4
livingroom:dvd,1341021722,0,4
livingroom:lamp2,1341021724,0,4
livingroom:receiver,1341021732,0,4
livingroom:dvd,1341021738,0,4
livingroom:roku,1341021742,0,4
livingroom:subwoofer,1341021746,11,4
livingroom:receiver,1341021748,0,4
livingroom:wii,1341021751,2,4
livingroom:subwoofer,1341021764,11,4
livingroom:lamp1,1341021990,0,4
livingroom:lamp2,1341021993,0,4
livingroom:dvd,1341021997,0,4
livingroom:lamp1,1341022000,0,4
livingroom:receiver,1341022003,0,4
livingroom:lamp2,1341022006,0,4
livingroom:subwoofer,1341022010,10,4
livingroom:dvd,1341022014,0,4
livingroom:receiver,1341022022,0,4
livingroom:roku,1341022023,0,4
livingroom:subwoofer,1341022026,11,4
livingroom:wii,1341022030,2,4
livingroom:lamp1,1341022032,0,4
livingroom:lamp2,1341022040,0,4
livingroom:lamp1,1341022045,0,4
livingroom:dvd,1341022053,0,4
livingroom:lamp2,1341022065,0,4
livingroom:lamp1,1341022070,0,4
livingroom:receiver,1341022072,0,4
livingroom:dvd,1341022075,0,4
livingroom:lamp2,1341022079,0,4
livingroom:subwoofer,1341022082,12,4
livingroom:receiver,1341022085,0,4
livingroom:dvd,1341022090,0,4
livingroom:lamp1,1341022096,0,4
livingroom:subwoofer,1341022102,12,4
livingroom:receiver,1341022108,0,4
livingroom:lamp2,1341022114,0,4
livingroom:lamp1,1341022122,0,4
livingroom:dvd,1341022137,0,4
livingroom:subwoofer,1341022142,11,4
livingroom:lamp2,1341022144,0,4
livingroom:lamp1,1341022148,0,4
livingroom:receiver,1341022151,0,4
livingroom:dvd,1341022157,0,4
livingroom:lamp2,1341022163,0,4
livingroom:subwoofer,1341022171,11,4
livingroom:receiver,1341022177,0,4
livingroom:dvd,1341022183,0,4
livingroom:lamp1,1341022191,0,4
livingroom:subwoofer,1341022196,12,4
livingroom:receiver,1341022203,0,4
livingroom:lamp2,1341022209,0,4
livingroom:subwoofer,1341022217,12,4
livingroom:dvd,1341022223,0,4
livingroom:lamp1,1341022229,0,4
livingroom:receiver,1341022237,0,4
livingroom:lamp2,1341022242,0,4
livingroom:lamp1,1341022252,0,4
livingroom:subwoofer,1341022256,11,4
livingroom:lamp2,1341022262,0,4
livingroom:dvd,1341022267,0,4
livingroom:receiver,1341022272,0,4
livingroom:lamp1,1341022278,0,4
livingroom:subwoofer,1341022285,12,4
livingroom:lamp2,1341022292,0,4
livingroom:lamp1,1341022298,0,4
livingroom:dvd,1341022305,0,4
livingroom:lamp2,1341022312,0,4
livingroom:receiver,1341022318,0,4
livingroom:dvd,1341022321,0,4
livingroom:lamp1,1341022325,0,4
livingroom:subwoofer,1341022328,12,4
livingroom:receiver,1341022330,0,4
livingroom:lamp2,1341022334,0,4
livingroom:subwoofer,1341022348,11,4
bedroom:lamp1,1341022354,1,19
livingroom:dvd,1341022360,0,4
livingroom:lamp1,1341022374,0,4
bedroom:lamp2,1341022380,0,19
livingroom:receiver,1341022383,0,4
livingroom:lamp2,1341022386,0,4
bedroom:noise,1341022390,9,19
livingroom:subwoofer,1341022393,12,4
livingroom:dvd,1341022397,0,4
livingroom:lamp1,1341022399,0,4
bedroom:nitelight,1341022403,2,19
livingroom:receiver,1341022409,0,4
livingroom:lamp2,1341022416,0,4
livingroom:subwoofer,1341022423,12,4
livingroom:dvd,1341022429,0,4
livingroom:lamp1,1341022435,0,4
livingroom:receiver,1341022443,0,4
livingroom:lamp2,1341022448,0,4
livingroom:dvd,1341022458,0,4
livingroom:subwoofer,1341022462,11,4
livingroom:receiver,1341022465,0,4
livingroom:subwoofer,1341022472,10,4
livingroom:lamp1,1341022478,0,4
livingroom:lamp2,1341022484,0,4
livingroom:lamp1,1341022492,0,4
livingroom:dvd,1341022498,0,4
livingroom:lamp2,1341022504,0,4
livingroom:receiver,1341022509,0,4
livingroom:dvd,1341022510,0,4
livingroom:receiver,1341022517,0,4
livingroom:subwoofer,1341022521,12,4
livingroom:lamp1,1341022523,0,4
livingroom:lamp2,1341022530,0,4
livingroom:dvd,1341022537,0,4
livingroom:receiver,1341022543,0,4
livingroom:subwoofer,1341022557,11,4
livingroom:lamp1,1341022574,0,4
livingroom:lamp2,1341022586,0,4
livingroom:lamp1,1341022589,0,4
livingroom:dvd,1341022593,0,4
livingroom:lamp2,1341022596,0,4
livingroom:receiver,1341022599,0,4
livingroom:dvd,1341022603,0,4
livingroom:lamp1,1341022605,0,4
livingroom:subwoofer,1341022609,12,4
livingroom:receiver,1341022612,0,4
livingroom:lamp2,1341022616,0,4
livingroom:subwoofer,1341022623,12,4
livingroom:dvd,1341022636,0,4
livingroom:receiver,1341022642,0,4
livingroom:lamp1,1341022650,0,4
livingroom:subwoofer,1341022656,12,4
livingroom:lamp2,1341022668,0,4
livingroom:dvd,1341022675,0,4
livingroom:receiver,1341022683,0,4
livingroom:lamp1,1341022689,0,4
livingroom:subwoofer,1341022692,11,4
livingroom:lamp2,1341022694,0,4
livingroom:dvd,1341022701,0,4
livingroom:lamp1,1341022708,0,4
livingroom:receiver,1341022714,0,4
livingroom:lamp2,1341022720,0,4
livingroom:subwoofer,1341022728,11,4
livingroom:dvd,1341022734,0,4
livingroom:lamp1,1341022740,0,4
livingroom:receiver,1341022747,0,4
livingroom:lamp2,1341022753,0,4
livingroom:subwoofer,1341022760,11,4
livingroom:dvd,1341022767,0,4
livingroom:receiver,1341022773,0,4
livingroom:subwoofer,1341022780,11,4
livingroom:lamp1,1341022788,0,4
livingroom:lamp2,1341022793,0,4
livingroom:dvd,1341022800,0,4
livingroom:lamp1,1341022812,0,4
livingroom:lamp2,1341022818,0,4
livingroom:receiver,1341022822,0,4
livingroom:dvd,1341022825,0,4
livingroom:subwoofer,1341022829,11,4
livingroom:receiver,1341022833,0,4
livingroom:lamp1,1341022838,0,4
livingroom:subwoofer,1341022845,12,4
livingroom:lamp2,1341022851,0,4
livingroom:dvd,1341022859,0,4
livingroom:receiver,1341022866,0,4
livingroom:subwoofer,1341022872,11,4
livingroom:lamp1,1341022877,0,4
livingroom:lamp2,1341022890,0,4
livingroom:lamp1,1341022897,0,4
livingroom:dvd,1341022904,0,4
livingroom:lamp2,1341022907,0,4
livingroom:receiver,1341022911,0,4
livingroom:lamp1,1341022914,0,4
livingroom:dvd,1341022919,0,4
livingroom:subwoofer,1341022920,12,4
livingroom:lamp2,1341022923,0,4
livingroom:receiver,1341022927,0,4
livingroom:lamp1,1341022934,0,4
livingroom:dvd,1341022940,0,4
livingroom:subwoofer,1341022947,11,4
livingroom:lamp2,1341022953,0,4
livingroom:receiver,1341022960,0,4
livingroom:dvd,1341022966,0,4
livingroom:lamp1,1341022972,0,4
livingroom:subwoofer,1341022979,11,4
bedroom:lamp1,1341022986,1,19
livingroom:receiver,1341022993,0,4
livingroom:lamp2,1341022998,0,4
livingroom:lamp1,1341023005,0,4
bedroom:lamp2,1341023012,0,19
livingroom:subwoofer,1341023016,11,4
basement:tv,1341023021,0,13
livingroom:dvd,1341023025,0,4
livingroom:lamp2,1341023028,0,4
livingroom:lamp1,1341023031,0,4
bedroom:noise,1341023035,9,19
livingroom:receiver,1341023072,0,4
livingroom:dvd,1341023075,0,4
livingroom:lamp2,1341023078,0,4
livingroom:lamp1,1341023085,0,4
livingroom:subwoofer,1341023092,11,4
bedroom:nitelight,1341023095,2,19
livingroom:receiver,1341023098,0,4
livingroom:lamp2,1341023105,0,4
livingroom:dvd,1341023108,0,4
livingroom:subwoofer,1341023116,11,4
livingroom:receiver,1341023122,0,4
livingroom:subwoofer,1341023128,12,4
livingroom:lamp1,1341023140,0,4
livingroom:lamp2,1341023155,0,4
livingroom:dvd,1341023160,0,4
livingroom:receiver,1341023165,0,4
livingroom:lamp1,1341023167,0,4
livingroom:subwoofer,1341023171,11,4
livingroom:lamp2,1341023174,0,4
livingroom:lamp1,1341023177,0,4
livingroom:dvd,1341023183,0,4
livingroom:lamp2,1341023190,0,4
livingroom:receiver,1341023197,0,4
livingroom:dvd,1341023203,0,4
livingroom:subwoofer,1341023210,11,4
livingroom:lamp1,1341023216,0,4
livingroom:receiver,1341023224,0,4
livingroom:lamp2,1341023229,0,4
livingroom:lamp1,1341023235,0,4
livingroom:subwoofer,1341023242,12,4
livingroom:dvd,1341023249,0,4
livingroom:lamp2,1341023256,0,4
livingroom:lamp1,1341023261,0,4
livingroom:receiver,1341023269,0,4
livingroom:lamp2,1341023278,0,4
livingroom:dvd,1341023282,0,4
livingroom:subwoofer,1341023285,11,4
livingroom:receiver,1341023288,0,4
livingroom:subwoofer,1341023296,12,4
livingroom:lamp1,1341023302,0,4
livingroom:lamp2,1341023307,0,4
livingroom:dvd,1341023314,0,4
livingroom:receiver,1341023321,0,4
livingroom:lamp1,1341023327,0,4
livingroom:subwoofer,1341023331,12,4
livingroom:lamp2,1341023334,0,4
livingroom:dvd,1341023341,0,4
livingroom:receiver,1341023347,0,4
livingroom:lamp1,1341023353,0,4
livingroom:subwoofer,1341023361,11,4
livingroom:lamp2,1341023366,0,4
livingroom:lamp1,1341023374,0,4
livingroom:dvd,1341023380,0,4
livingroom:lamp2,1341023386,0,4
livingroom:receiver,1341023393,0,4
livingroom:dvd,1341023397,0,4
livingroom:subwoofer,1341023400,11,4
livingroom:receiver,1341023403,0,4
livingroom:subwoofer,1341023411,12,4
livingroom:lamp1,1341023438,0,4
livingroom:lamp2,1341023441,0,4
livingroom:dvd,1341023445,0,4
livingroom:lamp1,1341023450,0,4
livingroom:receiver,1341023452,0,4
livingroom:lamp2,1341023454,0,4
livingroom:subwoofer,1341023459,12,4
livingroom:dvd,1341023462,0,4
livingroom:lamp1,1341023464,0,4
livingroom:receiver,1341023471,0,4
livingroom:lamp2,1341023478,0,4
livingroom:lamp1,1341023484,0,4
livingroom:subwoofer,1341023498,11,4
livingroom:dvd,1341023505,0,4
livingroom:roku,1341023507,0,4
livingroom:lamp2,1341023510,0,4
livingroom:lamp1,1341023514,0,4
livingroom:receiver,1341023518,0,4
livingroom:dvd,1341023524,0,4
livingroom:lamp2,1341023530,0,4
livingroom:subwoofer,1341023537,10,4
livingroom:wii,1341023541,2,4
livingroom:receiver,1341023544,0,4
livingroom:dvd,1341023546,0,4
livingroom:lamp1,1341023549,0,4
master:lamp1,1341023552,0,21
livingroom:subwoofer,1341023560,11,4
livingroom:receiver,1341023568,0,4
livingroom:lamp2,1341023572,0,4
master:nightstand2,1341023579,2,21
livingroom:subwoofer,1341023586,12,4
livingroom:dvd,1341023592,0,4
master:cablemodem,1341023598,0,21
livingroom:receiver,1341023607,0,4
master:desklamp,1341023612,1,21
master:lamp1,1341023618,0,21
livingroom:subwoofer,1341023622,12,4
master:nightstand2,1341023625,2,21
master:cablemodem,1341023631,0,21
master:desklamp,1341023638,1,21
livingroom:lamp1,1341024000,0,4
livingroom:lamp2,1341024004,0,4
livingroom:dvd,1341024007,0,4
livingroom:receiver,1341024015,0,4
livingroom:lamp1,1341024179,0,4
livingroom:lamp2,1341024187,0,4
livingroom:dvd,1341024191,0,4
livingroom:receiver,1341024197,0,4
livingroom:lamp1,1341024199,0,4
livingroom:lamp2,1341024206,0,4
livingroom:dvd,1341024210,0,4
livingroom:lamp1,1341024212,0,4
livingroom:receiver,1341024216,0,4
livingroom:lamp2,1341024219,0,4
livingroom:subwoofer,1341024223,11,4
livingroom:dvd,1341024226,0,4
livingroom:lamp1,1341024229,0,4
livingroom:receiver,1341024237,0,4
livingroom:lamp2,1341024243,0,4
livingroom:subwoofer,1341024249,12,4
livingroom:dvd,1341024256,0,4
livingroom:receiver,1341024270,0,4
livingroom:subwoofer,1341024276,11,4
bedroom:lamp1,1341024352,1,19
bedroom:lamp2,1341024355,0,19
bedroom:noise,1341024369,8,19
bedroom:nitelight,1341024372,2,19
livingroom:lamp1,1341024408,0,4
livingroom:lamp2,1341024411,0,4
livingroom:dvd,1341024415,0,4
livingroom:lamp1,1341024419,0,4
livingroom:receiver,1341024422,0,4
livingroom:lamp2,1341024425,0,4
livingroom:subwoofer,1341024429,10,4
livingroom:dvd,1341024432,0,4
basement:tv,1341024434,0,13
livingroom:lamp1,1341024438,0,4
livingroom:receiver,1341024445,0,4
livingroom:lamp2,1341024474,0,4
livingroom:subwoofer,1341024481,11,4
livingroom:lamp1,1341024485,0,4
livingroom:dvd,1341024488,0,4
livingroom:lamp2,1341024494,0,4
livingroom:receiver,1341024500,0,4
livingroom:dvd,1341024509,0,4
livingroom:subwoofer,1341024514,11,4
livingroom:lamp1,1341024520,0,4
livingroom:receiver,1341024541,0,4
livingroom:lamp1,1341024549,0,4
livingroom:lamp2,1341024552,0,4
livingroom:subwoofer,1341024557,11,4
livingroom:dvd,1341024559,0,4
livingroom:receiver,1341024566,0,4
livingroom:subwoofer,1341024573,11,4
livingroom:lamp1,1341024579,0,4
livingroom:lamp2,1341024586,0,4
livingroom:dvd,1341024592,0,4
livingroom:roku,1341024597,0,4
livingroom:wii,1341024602,2,4
livingroom:receiver,1341024605,0,4
livingroom:subwoofer,1341024612,12,4
livingroom:lamp1,1341024615,0,4
livingroom:lamp2,1341024621,0,4
livingroom:lamp1,1341024635,0,4
livingroom:dvd,1341024641,0,4
livingroom:receiver,1341024652,0,4
livingroom:lamp2,1341024654,0,4
livingroom:subwoofer,1341024658,12,4
livingroom:dvd,1341024661,0,4
livingroom:receiver,1341024667,0,4
livingroom:subwoofer,1341024674,10,4
master:lamp1,1341024757,0,21
master:nightstand2,1341024760,2,21
master:cablemodem,1341024763,0,21
master:desklamp,1341024767,1,21
livingroom:lamp1,1341024770,0,4
livingroom:lamp2,1341024773,0,4
livingroom:lamp1,1341024776,0,4
livingroom:dvd,1341024781,0,4
livingroom:lamp2,1341024783,0,4
livingroom:receiver,1341024787,0,4
livingroom:dvd,1341024790,0,4
livingroom:subwoofer,1341024793,12,4
livingroom:receiver,1341024797,0,4
livingroom:subwoofer,1341024803,12,4
bedroom:lamp1,1341024865,1,19
bedroom:lamp2,1341024868,0,19
bedroom:noise,1341024886,8,19
bedroom:nitelight,1341024890,2,19
livingroom:lamp1,1341024907,0,4
livingroom:lamp2,1341024910,0,4
livingroom:dvd,1341024914,0,4
livingroom:receiver,1341024917,0,4
livingroom:lamp1,1341024921,0,4
livingroom:lamp2,1341024927,0,4
livingroom:subwoofer,1341024931,11,4
livingroom:lamp1,1341024934,0,4
livingroom:dvd,1341024938,0,4
livingroom:lamp2,1341024944,0,4
livingroom:receiver,1341024952,0,4
livingroom:dvd,1341024957,0,4
livingroom:subwoofer,1341024964,11,4
livingroom:receiver,1341024976,0,4
livingroom:subwoofer,1341024983,11,4
livingroom:lamp1,1341025081,0,4
livingroom:lamp2,1341025084,0,4
livingroom:dvd,1341025089,0,4
livingroom:receiver,1341025093,0,4
livingroom:subwoofer,1341025095,11,4
livingroom:lamp1,1341025140,0,4
livingroom:lamp2,1341025144,0,4
livingroom:dvd,1341025147,0,4
livingroom:lamp1,1341025150,0,4
livingroom:receiver,1341025154,0,4
livingroom:lamp2,1341025157,0,4
livingroom:subwoofer,1341025161,11,4
livingroom:dvd,1341025165,0,4
livingroom:receiver,1341025177,0,4
livingroom:subwoofer,1341025184,12,4
livingroom:lamp1,1341025250,0,4
livingroom:lamp2,1341025263,0,4
livingroom:lamp1,1341025267,0,4
livingroom:lamp2,1341025273,0,4
livingroom:dvd,1341025283,0,4
livingroom:receiver,1341025285,0,4
livingroom:subwoofer,1341025289,12,4
master:lamp1,1341025306,0,21
master:nightstand2,1341025319,2,21
master:cablemodem,1341025322,0,21
master:desklamp,1341025326,1,21
livingroom:lamp1,1341025329,0,4
livingroom:lamp2,1341025332,0,4
livingroom:dvd,1341025337,0,4
livingroom:receiver,1341025345,0,4
livingroom:subwoofer,1341025347,12,4
livingroom:lamp1,1341025351,0,4
livingroom:lamp2,1341025358,0,4
livingroom:lamp1,1341025364,0,4
livingroom:dvd,1341025370,0,4
livingroom:lamp2,1341025376,0,4
livingroom:lamp1,1341025383,0,4
livingroom:receiver,1341025386,0,4
livingroom:dvd,1341025390,0,4
livingroom:lamp2,1341025393,0,4
livingroom:subwoofer,1341025396,11,4
livingroom:lamp1,1341025399,0,4
livingroom:receiver,1341025403,0,4
livingroom:dvd,1341025407,0,4
livingroom:lamp2,1341025412,0,4
livingroom:subwoofer,1341025419,12,4
livingroom:receiver,1341025427,0,4
livingroom:dvd,1341025434,0,4
livingroom:subwoofer,1341025439,12,4
livingroom:receiver,1341025465,0,4
livingroom:subwoofer,1341025492,12,4
master:lamp1,1341025549,0,21
livingroom:lamp1,1341025631,0,4
livingroom:lamp2,1341025633,0,4
livingroom:dvd,1341025637,0,4
livingroom:receiver,1341025641,0,4
livingroom:lamp1,1341025644,0,4
livingroom:subwoofer,1341025647,11,4
livingroom:lamp2,1341025651,0,4
livingroom:dvd,1341025657,0,4
livingroom:lamp1,1341025663,0,4
livingroom:receiver,1341025678,0,4
livingroom:lamp2,1341025682,0,4
livingroom:lamp1,1341025686,0,4
livingroom:subwoofer,1341025713,11,4
livingroom:dvd,1341025715,0,4
livingroom:lamp2,1341025719,0,4
livingroom:receiver,1341025725,0,4
livingroom:dvd,1341025731,0,4
livingroom:subwoofer,1341025738,12,4
livingroom:receiver,1341025746,0,4
livingroom:subwoofer,1341025752,12,4
livingroom:lamp1,1341025812,0,4
livingroom:lamp2,1341025814,0,4
livingroom:dvd,1341025817,0,4
livingroom:receiver,1341025821,0,4
livingroom:subwoofer,1341025824,12,4
livingroom:lamp1,1341025830,0,4
livingroom:lamp2,1341025836,0,4
livingroom:dvd,1341025844,0,4
livingroom:receiver,1341025850,0,4
livingroom:subwoofer,1341025857,12,4
master:lamp1,1341026150,0,21
master:nightstand2,1341026153,9,21
master:cablemodem,1341026156,0,21
master:desklamp,1341026160,1,21
bedroom:lamp1,1341026464,1,19
bedroom:lamp2,1341026468,0,19
bedroom:noise,1341026471,8,19
bedroom:lamp1,1341026474,1,19
bedroom:nitelight,1341026477,1,19
bedroom:nitelight,1341026478,2,19
bedroom:nitelight,1341026479,2,19
bedroom:lamp2,1341026481,0,19
bedroom:noise,1341026484,9,19
bedroom:nitelight,1341026488,2,19
master:lamp1,1341026708,0,21
master:nightstand2,1341026712,10,21
master:cablemodem,1341026715,0,21
master:desklamp,1341026723,1,21
bedroom:lamp1,1341026967,1,19
bedroom:lamp2,1341026970,0,19
bedroom:noise,1341026973,8,19
bedroom:nitelight,1341026978,2,19
basement:tv,1341027110,0,13
master:lamp1,1341027376,0,21
master:nightstand2,1341027379,8,21
master:cablemodem,1341027382,0,21
master:desklamp,1341027386,1,21
master:lamp1,1341028350,0,21
master:nightstand2,1341028353,6,21
master:cablemodem,1341028357,0,21
master:desklamp,1341028360,1,21
basement:tv,1341028511,0,13
bedroom:lamp1,1341028882,1,19
bedroom:lamp2,1341028885,0,19
bedroom:noise,1341028888,8,19
bedroom:nitelight,1341028892,2,19
bedroom:lamp1,1341029310,1,19
bedroom:lamp2,1341029314,0,19
bedroom:noise,1341029317,8,19
bedroom:nitelight,1341029321,2,19
master:lamp1,1341029626,0,21
master:nightstand2,1341029630,4,21
master:cablemodem,1341029633,0,21
master:desklamp,1341029636,1,21
master:lamp1,1341029750,0,21
master:nightstand2,1341029754,4,21
master:cablemodem,1341029757,0,21
master:desklamp,1341029760,1,21
master:lamp1,1341029994,0,21
master:nightstand2,1341029998,4,21
master:cablemodem,1341030001,0,21
master:desklamp,1341030004,0,21
basement:tv,1341030879,0,13
bedroom:lamp1,1341031319,1,19
bedroom:lamp2,1341031324,0,19
bedroom:noise,1341031326,8,19
bedroom:nitelight,1341031329,2,19
bedroom:lamp1,1341031758,1,19
bedroom:lamp2,1341031761,0,19
bedroom:noise,1341031764,8,19
bedroom:nitelight,1341031768,2,19
basement:tv,1341032286,0,13
bedroom:lamp1,1341033808,1,19
bedroom:lamp2,1341033811,0,19
bedroom:noise,1341033815,8,19
bedroom:nitelight,1341033818,2,19
master:lamp1,1341033951,0,21
master:nightstand2,1341033954,4,21
master:cablemodem,1341033957,0,21
master:desklamp,1341033961,1,21
master:lamp1,1341034013,0,21
master:nightstand2,1341034016,4,21
master:cablemodem,1341034019,0,21
master:desklamp,1341034028,1,21
bedroom:lamp1,1341034421,1,19
bedroom:lamp2,1341034424,0,19
bedroom:noise,1341034427,8,19
bedroom:nitelight,1341034431,2,19
basement:tv,1341034483,0,13
basement:tv,1341035855,0,13
bedroom:lamp1,1341037116,0,19
bedroom:lamp2,1341037119,0,19
bedroom:noise,1341037122,9,19
bedroom:nitelight,1341037125,2,19
bedroom:lamp1,1341037554,1,19
bedroom:lamp2,1341037558,0,19
bedroom:noise,1341037561,8,19
bedroom:nitelight,1341037564,2,19
master:lamp1,1341037608,0,21
master:nightstand2,1341037612,4,21
master:cablemodem,1341037615,0,21
master:desklamp,1341037619,1,21
basement:tv,1341038032,0,13
master:lamp1,1341038307,0,21
master:nightstand2,1341038311,4,21
master:cablemodem,1341038314,0,21
master:desklamp,1341038318,1,21
master:lamp1,1341039186,0,21
master:nightstand2,1341039190,4,21
master:cablemodem,1341039193,0,21
master:desklamp,1341039196,1,21
master:lamp1,1341039250,0,21
master:nightstand2,1341039253,4,21
master:cablemodem,1341039256,0,21
master:desklamp,1341039260,1,21
basement:tv,1341039431,0,13
master:lamp1,1341040241,0,21
master:nightstand2,1341040244,4,21
master:cablemodem,1341040247,0,21
master:desklamp,1341040251,1,21
master:lamp1,1341040467,0,21
master:nightstand2,1341040470,4,21
master:cablemodem,1341040473,0,21
master:desklamp,1341040477,1,21
master:lamp1,1341040528,0,21
master:nightstand2,1341040531,4,21
master:cablemodem,1341040539,0,21
master:desklamp,1341040543,1,21
master:lamp1,1341040650,0,21
master:nightstand2,1341040653,4,21
master:cablemodem,1341040656,0,21
master:desklamp,1341040660,0,21
bedroom:lamp1,1341040707,1,19
bedroom:lamp2,1341040711,0,19
bedroom:noise,1341040725,8,19
bedroom:nitelight,1341040732,2,19
master:lamp1,1341040772,0,21
master:nightstand2,1341040775,4,21
master:cablemodem,1341040778,0,21
master:desklamp,1341040782,1,21
bedroom:lamp1,1341041133,1,19
bedroom:lamp2,1341041136,0,19
bedroom:noise,1341041140,9,19
bedroom:nitelight,1341041143,2,19
basement:tv,1341041555,0,13
master:lamp1,1341042050,0,21
master:nightstand2,1341042053,4,21
master:cablemodem,1341042056,0,21
master:desklamp,1341042060,1,21
master:lamp1,1341042703,0,21
master:nightstand2,1341042706,4,21
master:cablemodem,1341042709,0,21
master:desklamp,1341042713,1,21
basement:tv,1341042939,0,13
master:lamp1,1341043388,0,21
master:nightstand2,1341043392,4,21
master:cablemodem,1341043395,0,21
master:desklamp,1341043398,1,21
master:lamp1,1341043571,0,21
master:nightstand2,1341043575,3,21
master:cablemodem,1341043578,0,21
master:desklamp,1341043581,1,21
basement:tv,1341045016,0,13
master:lamp1,1341045052,0,21
master:nightstand2,1341045055,3,21
master:cablemodem,1341045058,0,21
master:desklamp,1341045062,1,21
master:lamp1,1341045155,0,21
master:nightstand2,1341045158,4,21
master:cablemodem,1341045161,0,21
master:desklamp,1341045165,0,21
master:desklamp,1341045166,1,21
master:lamp1,1341045276,0,21
master:nightstand2,1341045280,4,21
master:cablemodem,1341045283,0,21
master:desklamp,1341045286,1,21
master:lamp1,1341045337,0,21
master:nightstand2,1341045341,4,21
master:cablemodem,1341045345,0,21
master:desklamp,1341045347,1,21
master:lamp1,1341045398,0,21
master:nightstand2,1341045402,4,21
master:cablemodem,1341045405,0,21
master:desklamp,1341045408,1,21
master:lamp1,1341045641,0,21
master:nightstand2,1341045645,4,21
master:cablemodem,1341045648,0,21
master:desklamp,1341045651,1,21
basement:tv,1341046421,0,13
master:lamp1,1341046827,0,21
master:nightstand2,1341046830,3,21
master:cablemodem,1341046833,0,21
master:desklamp,1341046837,1,21
